alpha,q_hat
0.001,-0.99974793
0.01,-0.9847754
0.05,-0.8296715
