alpha,q_hat
0.01,-0.24746236205101013
0.05,-7.215277264549513e-08
0.1,0.0028562992811203003
0.15,0.013746380805969238
