alpha,q_hat
0.001,-4.9329033
0.01,-3.3472078
0.05,-2.2858438
