alpha,q_hat
0.1,-1.7941518
0.2,-1.1089292
0.3,-0.6921885
0.4,-0.3201735
0.5,-0.018170595
0.001,-4.9329033
0.01,-3.3472078
0.05,-2.2858438
