alpha,q_hat
0.01,-0.263810396194458
0.05,-0.0016250014305114746
0.1,8.702278137207031e-05
0.15,0.0010152161121368408
