alpha,q_hat
0.001,1.5626344e-07
0.01,3.3562726e-05
0.05,0.0055846637
