alpha,q_hat
0.01,0.0004075818578712642
0.05,0.7159410119056702
0.1,0.9374259114265442
0.15,0.981523334980011
