alpha,q_hat
0.01,-0.4320076107978821
0.05,-0.02048403024673462
0.1,-0.0021432042121887207
0.15,-0.00029671192169189453
