alpha,q_hat
0.01,1.9967193054526433e-07
0.05,0.001060245092958212
0.1,0.038756631314754486
0.15,0.3377646803855896
