alpha,q_hat
0.01,9.624236303740208e-12
0.05,2.112155428335427e-08
0.1,4.2864590454883e-07
0.15,1.8475084289093502e-06
