alpha,q_hat
0.01,3.534058115595151e-11
0.05,3.250539393206964e-08
0.1,6.118990540926461e-07
0.15,2.3249401692737592e-06
