alpha,q_hat
0.01,0.5076557397842407
0.05,0.8650270104408264
0.1,0.9825080633163452
0.15,0.9976521134376526
