alpha,q_hat
0.01,0.5481665730476379
0.05,0.8917189836502075
0.1,0.9774606227874756
0.15,0.9967824816703796
