alpha,q_hat
0.01,1.0414329381092102e-06
0.05,0.0007061318610794842
0.1,0.011268563568592072
0.15,0.0553809255361557
