alpha,q_hat
0.01,-0.6409890055656433
0.05,-0.22650231420993805
0.1,-0.00011152587103424594
0.15,0.007687553763389587
