alpha,q_hat
0.01,-0.675680935382843
0.05,-0.223777174949646
0.1,-0.0003629326820373535
0.15,3.784894943237305e-05
