alpha,q_hat
0.01,-0.7147575616836548
0.05,-0.21714529395103455
0.1,-1.490435153073122e-07
0.15,2.4318695068359375e-05
