alpha,q_hat
0.01,1.1623120599324466e-06
0.05,0.0008755747112445533
0.1,0.0017298189923167229
0.15,0.0043405345641076565
