alpha,q_hat
0.01,-0.6583081483840942
0.05,-0.23164844512939453
0.1,-0.0036981976591050625
0.15,0.00019913911819458008
