alpha,q_hat
0.01,5.83011395237365e-13
0.05,4.035817013914311e-09
0.1,1.2662420090236992e-07
0.15,7.688138907724351e-07
