alpha,q_hat
0.01,5.605343012665687e-12
0.05,1.6627192067630858e-08
0.1,3.5425350120021903e-07
0.15,1.215537849930115e-06
