alpha,q_hat
0.01,-0.9532331824302673
0.05,-0.4276607632637024
0.1,-0.011223932728171349
0.15,0.00033473968505859375
