alpha,q_hat
0.01,7.661545851078699e-07
0.05,0.0012257489142939448
0.1,0.04723989963531494
0.15,0.3183557987213135
