alpha,q_hat
0.01,1.6731303276174003e-06
0.05,0.0015477141132578254
0.1,0.06637819111347198
0.15,0.4067609906196594
