alpha,q_hat
0.01,-0.5428710579872131
0.05,-0.27998530864715576
0.1,-0.00043515386641956866
0.15,0.00032269954681396484
