alpha,q_hat
0.01,-0.8683555722236633
0.05,-0.37061142921447754
0.1,-0.013750218786299229
0.15,0.0
