alpha,q_hat
0.01,1.486736209699302e-07
0.05,0.0004122344253119081
0.1,0.03564613312482834
0.15,0.34456193447113037
